feature,importance
active_injury_max_severity,0.26763383
fitness_category_speed_avg,0.11776403
acwr,0.057958204
active_injury_count,0.054746766
completion_rate,0.04811701
attendance_rate,0.04624888
intensity_adherence_mean,0.04614482
chronic_workload,0.045841876
total_pbs,0.044341635
acute_workload,0.040296458
training_age_weeks,0.03978948
event_group_throws,0.038630486
event_group_sprints,0.033637684
event_group_jumps,0.033047944
age_years,0.032415744
event_group_middle_distance,0.029311435
gender_male,0.024073765
